{
  "training_results": {
    "best_val_auc": 0.925671948837972,
    "train_history": {
      "train_loss": [
        0.7263406781773818,
        0.4156063081402528,
        0.36825097273839147,
        0.36504133908372177,
        0.3458235793207821,
        0.3520731839694475,
        0.3436210316262747,
        0.3381820924972233,
        0.3225473279231473,
        0.3289576878673152,
        0.31430551762643616,
        0.32999577294839055,
        0.31763727570834915,
        0.31931561349253906,
        0.3130050458406147,
        0.301278897414082,
        0.31784412421678243,
        0.3041980984179597,
        0.29571926985916336,
        0.300952841576777,
        0.3112881022848581,
        0.28828755138736023,
        0.29237199378641027
      ],
      "train_auc": [
        0.5812047909222327,
        0.8939857602308575,
        0.9165796093675707,
        0.9156286494796061,
        0.9271195288164791,
        0.9219583479569071,
        0.9277893056008801,
        0.9301109476007419,
        0.9328902818056745,
        0.9323566496383274,
        0.9357760003721742,
        0.931392006874277,
        0.9376929713117977,
        0.935385354259924,
        0.9370064330041917,
        0.940906394760553,
        0.9364115699663605,
        0.9415317021976751,
        0.9432584811597059,
        0.9407363850251867,
        0.9377155480573395,
        0.9445590385316632,
        0.9438899458910666
      ],
      "val_loss": [
        0.6951242751545377,
        0.4666457209322188,
        0.3829892790979809,
        0.3806563483344184,
        0.3603733281294505,
        0.36620769401391345,
        0.33189308767517406,
        0.364472155769666,
        0.42971661852465737,
        0.3369372934103012,
        0.3294729010926353,
        0.3355204164981842,
        0.36424855556752944,
        0.333123573826419,
        0.34329937977923286,
        0.3407839553223716,
        0.3406837350792355,
        0.3532296468814214,
        0.31084364218016464,
        0.32460631326668793,
        0.3109768888809615,
        0.3290802703963386,
        0.33081017931302387
      ],
      "val_auc": [
        0.7420282941518463,
        0.8702762332105961,
        0.9083197924896766,
        0.912121166947422,
        0.9115994096689077,
        0.9068886868114667,
        0.9199773408267617,
        0.9118528346327575,
        0.9076191470013865,
        0.9233165874092515,
        0.9188145674632161,
        0.918918918918919,
        0.925671948837972,
        0.9175176279423385,
        0.9178306823094468,
        0.9187549380599573,
        0.9131199594520057,
        0.9205140054560904,
        0.9212146509443807,
        0.9165188354377544,
        0.9245986195793146,
        0.9214904369344522,
        0.9231376991994753
      ],
      "val_metrics": [
        {
          "auc_roc": 0.7420282941518463,
          "auc_pr": 0.7166622161335932,
          "accuracy": 0.7239382239382239,
          "precision": 0.7,
          "recall": 0.7837837837837838,
          "f1": 0.7395264116575592
        },
        {
          "auc_roc": 0.8702762332105961,
          "auc_pr": 0.8527889232239841,
          "accuracy": 0.8166023166023166,
          "precision": 0.7867132867132867,
          "recall": 0.8687258687258688,
          "f1": 0.8256880733944955
        },
        {
          "auc_roc": 0.9083197924896766,
          "auc_pr": 0.8940206748599899,
          "accuracy": 0.8571428571428571,
          "precision": 0.8744939271255061,
          "recall": 0.833976833976834,
          "f1": 0.8537549407114624
        },
        {
          "auc_roc": 0.912121166947422,
          "auc_pr": 0.9006022821266085,
          "accuracy": 0.8494208494208494,
          "precision": 0.8786610878661087,
          "recall": 0.8108108108108109,
          "f1": 0.8433734939759037
        },
        {
          "auc_roc": 0.9115994096689077,
          "auc_pr": 0.8999600701067981,
          "accuracy": 0.832046332046332,
          "precision": 0.8006993006993007,
          "recall": 0.8841698841698842,
          "f1": 0.8403669724770643
        },
        {
          "auc_roc": 0.9068886868114667,
          "auc_pr": 0.89917963191171,
          "accuracy": 0.8494208494208494,
          "precision": 0.844106463878327,
          "recall": 0.8571428571428571,
          "f1": 0.8505747126436781
        },
        {
          "auc_roc": 0.9199773408267617,
          "auc_pr": 0.9072730550153736,
          "accuracy": 0.8378378378378378,
          "precision": 0.7868852459016393,
          "recall": 0.9266409266409267,
          "f1": 0.851063829787234
        },
        {
          "auc_roc": 0.9118528346327575,
          "auc_pr": 0.898727702466436,
          "accuracy": 0.8494208494208494,
          "precision": 0.8917748917748918,
          "recall": 0.7953667953667953,
          "f1": 0.8408163265306122
        },
        {
          "auc_roc": 0.9076191470013865,
          "auc_pr": 0.8936160718650523,
          "accuracy": 0.8262548262548263,
          "precision": 0.78839590443686,
          "recall": 0.8918918918918919,
          "f1": 0.8369565217391305
        },
        {
          "auc_roc": 0.9233165874092515,
          "auc_pr": 0.9090513102526658,
          "accuracy": 0.859073359073359,
          "precision": 0.8163265306122449,
          "recall": 0.9266409266409267,
          "f1": 0.8679927667269439
        },
        {
          "auc_roc": 0.9188145674632161,
          "auc_pr": 0.8993185320200288,
          "accuracy": 0.8571428571428571,
          "precision": 0.8339350180505415,
          "recall": 0.8918918918918919,
          "f1": 0.8619402985074627
        },
        {
          "auc_roc": 0.918918918918919,
          "auc_pr": 0.9049936326954845,
          "accuracy": 0.8552123552123552,
          "precision": 0.8407407407407408,
          "recall": 0.8764478764478765,
          "f1": 0.8582230623818525
        },
        {
          "auc_roc": 0.925671948837972,
          "auc_pr": 0.913045804336393,
          "accuracy": 0.8532818532818532,
          "precision": 0.8,
          "recall": 0.9420849420849421,
          "f1": 0.8652482269503546
        },
        {
          "auc_roc": 0.9175176279423385,
          "auc_pr": 0.9014331600826986,
          "accuracy": 0.8513513513513513,
          "precision": 0.837037037037037,
          "recall": 0.8725868725868726,
          "f1": 0.8544423440453687
        },
        {
          "auc_roc": 0.9178306823094468,
          "auc_pr": 0.9029012655150106,
          "accuracy": 0.8513513513513513,
          "precision": 0.8137931034482758,
          "recall": 0.9111969111969112,
          "f1": 0.8597449908925319
        },
        {
          "auc_roc": 0.9187549380599573,
          "auc_pr": 0.9022936329609641,
          "accuracy": 0.8667953667953668,
          "precision": 0.8571428571428571,
          "recall": 0.8803088803088803,
          "f1": 0.8685714285714285
        },
        {
          "auc_roc": 0.9131199594520057,
          "auc_pr": 0.8980300922594707,
          "accuracy": 0.8474903474903475,
          "precision": 0.8237410071942446,
          "recall": 0.8841698841698842,
          "f1": 0.8528864059590316
        },
        {
          "auc_roc": 0.9205140054560904,
          "auc_pr": 0.9055614437098445,
          "accuracy": 0.8571428571428571,
          "precision": 0.8245614035087719,
          "recall": 0.9073359073359073,
          "f1": 0.8639705882352942
        },
        {
          "auc_roc": 0.9212146509443807,
          "auc_pr": 0.9018976059178119,
          "accuracy": 0.8571428571428571,
          "precision": 0.8178694158075601,
          "recall": 0.918918918918919,
          "f1": 0.8654545454545455
        },
        {
          "auc_roc": 0.9165188354377544,
          "auc_pr": 0.8991805824129687,
          "accuracy": 0.8532818532818532,
          "precision": 0.8426966292134831,
          "recall": 0.8687258687258688,